{
  "status": "ok",
  "best_step": 20,
  "best_val_mse": 4.7678704261779785,
  "last_train_loss": 9.007286071777344,
  "updates_used": 20,
  "max_updates": 20,
  "val_history": [
    {
      "step": 10.0,
      "val_mse": 8.224231719970703
    },
    {
      "step": 20.0,
      "val_mse": 4.7678704261779785
    }
  ]
}
