{
  "status": "ok",
  "best_step": 8,
  "best_val_mse": 0.1082429476082325,
  "last_train_loss": 0.1528950035572052,
  "updates_used": 8,
  "max_updates": 8,
  "val_history": [
    {
      "step": 8.0,
      "val_mse": 0.1082429476082325
    }
  ]
}
