{
  "status": "ok",
  "best_step": 8,
  "best_val_mse": 0.7990159094333649,
  "last_train_loss": 1.0106574296951294,
  "updates_used": 8,
  "max_updates": 8,
  "val_history": [
    {
      "step": 8.0,
      "val_mse": 0.7990159094333649
    }
  ]
}
