{
  "status": "ok",
  "best_step": 20,
  "best_val_mse": 0.556642472743988,
  "last_train_loss": 0.6862431764602661,
  "updates_used": 20,
  "max_updates": 20,
  "val_history": [
    {
      "step": 10.0,
      "val_mse": 1.097043752670288
    },
    {
      "step": 20.0,
      "val_mse": 0.556642472743988
    }
  ]
}
