{
  "status": "ok",
  "best_step": 20,
  "best_val_mse": 6.476449966430664,
  "last_train_loss": 6.04827880859375,
  "updates_used": 20,
  "max_updates": 20,
  "val_history": [
    {
      "step": 10.0,
      "val_mse": 10.793123245239258
    },
    {
      "step": 20.0,
      "val_mse": 6.476449966430664
    }
  ]
}
