{
  "status": "ok",
  "best_step": 4,
  "best_val_mse": 1175705.296875,
  "last_train_loss": 413979.03125,
  "updates_used": 4,
  "max_updates": 4,
  "val_history": [
    {
      "step": 2.0,
      "val_mse": 1622162.65625
    },
    {
      "step": 4.0,
      "val_mse": 1175705.296875
    }
  ]
}
