batch_idx,batch_size,ms_predict_whole_seq
0,32,104.15017500054091
1,32,109.546854000655
2,32,93.55159099868615
3,32,114.81246199764428
4,32,107.94977600016864
5,32,106.24718899998697
6,32,115.12058399966918
7,32,107.0230459990853
8,32,109.29577099886956
9,32,107.04891999921529
10,32,115.61060299936798
11,32,110.07265200169059
12,32,99.17690499787568
13,32,100.18221900099888
14,32,98.62584399888874
15,20,97.29889299705974
