{
  "status": "ok",
  "best_step": 20,
  "best_val_mse": 2.722381114959717,
  "last_train_loss": 1.6277482509613037,
  "updates_used": 20,
  "max_updates": 20,
  "val_history": [
    {
      "step": 10.0,
      "val_mse": 5.845436096191406
    },
    {
      "step": 20.0,
      "val_mse": 2.722381114959717
    }
  ]
}
