{
  "status": "ok",
  "best_step": 8,
  "best_val_mse": 110.80856323242188,
  "last_train_loss": 226.3520050048828,
  "updates_used": 8,
  "max_updates": 8,
  "val_history": [
    {
      "step": 8.0,
      "val_mse": 110.80856323242188
    }
  ]
}
