{
  "status": "ok",
  "best_step": 20,
  "best_val_mse": 6.024639129638672,
  "last_train_loss": 8.547367095947266,
  "updates_used": 20,
  "max_updates": 20,
  "val_history": [
    {
      "step": 5.0,
      "val_mse": 45.97609329223633
    },
    {
      "step": 10.0,
      "val_mse": 15.65124797821045
    },
    {
      "step": 15.0,
      "val_mse": 8.621908187866211
    },
    {
      "step": 20.0,
      "val_mse": 6.024639129638672
    }
  ]
}
