{
  "status": "ok",
  "best_step": 20,
  "best_val_mse": 0.7416191101074219,
  "last_train_loss": 0.4256349205970764,
  "updates_used": 20,
  "max_updates": 20,
  "val_history": [
    {
      "step": 10.0,
      "val_mse": 1.542604923248291
    },
    {
      "step": 20.0,
      "val_mse": 0.7416191101074219
    }
  ]
}
