{
  "status": "ok",
  "best_step": 8,
  "best_val_mse": 129.47622299194336,
  "last_train_loss": 138.58802795410156,
  "updates_used": 8,
  "max_updates": 8,
  "val_history": [
    {
      "step": 8.0,
      "val_mse": 129.47622299194336
    }
  ]
}
