{
  "status": "ok",
  "best_step": 8,
  "best_val_mse": 0.33389410376548767,
  "last_train_loss": 0.7188626527786255,
  "updates_used": 8,
  "max_updates": 8,
  "val_history": [
    {
      "step": 8.0,
      "val_mse": 0.33389410376548767
    }
  ]
}
