{
  "status": "ok",
  "best_step": 20,
  "best_val_mse": 13.47407341003418,
  "last_train_loss": 5.3397722244262695,
  "updates_used": 20,
  "max_updates": 20,
  "val_history": [
    {
      "step": 10.0,
      "val_mse": 22.770851135253906
    },
    {
      "step": 20.0,
      "val_mse": 13.47407341003418
    }
  ]
}
