batch_idx,batch_size,ms_predict_whole_seq
0,32,171.9980010002473
1,32,209.54838000034215
2,32,234.00194099849614
3,32,186.15975899956538
4,32,173.87634999977308
5,32,169.18934000023
6,32,236.2502769992716
7,32,176.50475300069957
8,32,171.72220400061633
9,32,172.27479800021683
10,32,177.12249999931373
11,32,221.39831599997706
12,32,185.03105099989625
13,32,181.5548980011954
14,32,170.14639499939221
15,20,218.28813399952196
