{
  "status": "ok",
  "best_step": 20,
  "best_val_mse": 6.662465572357178,
  "last_train_loss": 8.211549758911133,
  "updates_used": 20,
  "max_updates": 20,
  "val_history": [
    {
      "step": 10.0,
      "val_mse": 11.0902738571167
    },
    {
      "step": 20.0,
      "val_mse": 6.662465572357178
    }
  ]
}
