{
  "status": "ok",
  "best_step": 8,
  "best_val_mse": 0.3691958338022232,
  "last_train_loss": 0.4804588854312897,
  "updates_used": 8,
  "max_updates": 8,
  "val_history": [
    {
      "step": 8.0,
      "val_mse": 0.3691958338022232
    }
  ]
}
