{
  "status": "ok",
  "best_step": 6,
  "best_val_mse": 13807.94091796875,
  "last_train_loss": 15533.150390625,
  "updates_used": 6,
  "max_updates": 6,
  "val_history": [
    {
      "step": 2.0,
      "val_mse": 32078.2041015625
    },
    {
      "step": 4.0,
      "val_mse": 20863.10107421875
    },
    {
      "step": 6.0,
      "val_mse": 13807.94091796875
    }
  ]
}
