{
  "status": "ok",
  "best_step": 4,
  "best_val_mse": 6.864162921905518,
  "last_train_loss": 13.70439338684082,
  "updates_used": 4,
  "max_updates": 4,
  "val_history": [
    {
      "step": 2.0,
      "val_mse": 8.645762920379639
    },
    {
      "step": 4.0,
      "val_mse": 6.864162921905518
    }
  ]
}
