{
  "status": "ok",
  "best_step": 6,
  "best_val_mse": 13807.92333984375,
  "last_train_loss": 15533.115234375,
  "updates_used": 6,
  "max_updates": 6,
  "val_history": [
    {
      "step": 2.0,
      "val_mse": 32078.2109375
    },
    {
      "step": 4.0,
      "val_mse": 20863.10400390625
    },
    {
      "step": 6.0,
      "val_mse": 13807.92333984375
    }
  ]
}
