{
  "status": "ok",
  "best_step": 8,
  "best_val_mse": 12.126648187637329,
  "last_train_loss": 16.382511138916016,
  "updates_used": 8,
  "max_updates": 8,
  "val_history": [
    {
      "step": 8.0,
      "val_mse": 12.126648187637329
    }
  ]
}
