{
  "status": "ok",
  "best_step": 4,
  "best_val_mse": 135975.9716796875,
  "last_train_loss": 436268.96875,
  "updates_used": 4,
  "max_updates": 4,
  "val_history": [
    {
      "step": 2.0,
      "val_mse": 167221.41357421875
    },
    {
      "step": 4.0,
      "val_mse": 135975.9716796875
    }
  ]
}
