{
  "status": "ok",
  "best_step": 8,
  "best_val_mse": 123.27267837524414,
  "last_train_loss": 142.4078369140625,
  "updates_used": 8,
  "max_updates": 8,
  "val_history": [
    {
      "step": 8.0,
      "val_mse": 123.27267837524414
    }
  ]
}
