{
  "status": "ok",
  "best_step": 40,
  "best_val_mse": 0.0015346150612458587,
  "last_train_loss": 0.0018290398002136499,
  "updates_used": 40,
  "max_updates": 40,
  "val_history": [
    {
      "step": 20.0,
      "val_mse": 0.002506035380065441
    },
    {
      "step": 40.0,
      "val_mse": 0.0015346150612458587
    }
  ],
  "meta_train": {
    "meta_task_num": 4,
    "support_size": 8,
    "query_size": 8,
    "inner_steps": 1,
    "inner_lr": 0.05,
    "outer_lr": 0.001,
    "inner_steps_total": 160,
    "meta_tasks_seen": 160
  }
}
