{
  "status": "ok",
  "best_step": 8,
  "best_val_mse": 84.30784606933594,
  "last_train_loss": 91.65519714355469,
  "updates_used": 8,
  "max_updates": 8,
  "val_history": [
    {
      "step": 8.0,
      "val_mse": 84.30784606933594
    }
  ]
}
