{
  "status": "ok",
  "best_step": 8,
  "best_val_mse": 6.878352165222168,
  "last_train_loss": 16.450761795043945,
  "updates_used": 8,
  "max_updates": 8,
  "val_history": [
    {
      "step": 8.0,
      "val_mse": 6.878352165222168
    }
  ]
}
