{
  "status": "ok",
  "best_step": 8,
  "best_val_mse": 6.180476546287537,
  "last_train_loss": 14.859857559204102,
  "updates_used": 8,
  "max_updates": 8,
  "val_history": [
    {
      "step": 8.0,
      "val_mse": 6.180476546287537
    }
  ]
}
