{
  "status": "ok",
  "best_step": 20,
  "best_val_mse": 0.5203070044517517,
  "last_train_loss": 0.3363940715789795,
  "updates_used": 20,
  "max_updates": 20,
  "val_history": [
    {
      "step": 10.0,
      "val_mse": 1.1663135290145874
    },
    {
      "step": 20.0,
      "val_mse": 0.5203070044517517
    }
  ]
}
