{
  "status": "ok",
  "best_step": 8,
  "best_val_mse": 15.011744499206543,
  "last_train_loss": 38.2155647277832,
  "updates_used": 8,
  "max_updates": 8,
  "val_history": [
    {
      "step": 8.0,
      "val_mse": 15.011744499206543
    }
  ]
}
