{
  "status": "ok",
  "best_step": 20,
  "best_val_mse": 6.321861743927002,
  "last_train_loss": 5.910058975219727,
  "updates_used": 20,
  "max_updates": 20,
  "val_history": [
    {
      "step": 10.0,
      "val_mse": 10.404054641723633
    },
    {
      "step": 20.0,
      "val_mse": 6.321861743927002
    }
  ]
}
