{
  "status": "ok",
  "best_step": 8,
  "best_val_mse": 89.64372634887695,
  "last_train_loss": 91.75044250488281,
  "updates_used": 8,
  "max_updates": 8,
  "val_history": [
    {
      "step": 8.0,
      "val_mse": 89.64372634887695
    }
  ]
}
