{
  "status": "ok",
  "best_step": 4,
  "best_val_mse": 4.561836242675781,
  "last_train_loss": 0.09115791320800781,
  "updates_used": 4,
  "max_updates": 4,
  "val_history": [
    {
      "step": 2.0,
      "val_mse": 5.426576614379883
    },
    {
      "step": 4.0,
      "val_mse": 4.561836242675781
    }
  ]
}
