{
  "status": "ok",
  "best_step": 4,
  "best_val_mse": 64015.14404296875,
  "last_train_loss": 11998.2626953125,
  "updates_used": 4,
  "max_updates": 4,
  "val_history": [
    {
      "step": 2.0,
      "val_mse": 92796.43115234375
    },
    {
      "step": 4.0,
      "val_mse": 64015.14404296875
    }
  ]
}
