{
  "status": "ok",
  "best_step": 8,
  "best_val_mse": 128.98609924316406,
  "last_train_loss": 144.43939208984375,
  "updates_used": 8,
  "max_updates": 8,
  "val_history": [
    {
      "step": 8.0,
      "val_mse": 128.98609924316406
    }
  ]
}
