{
  "status": "ok",
  "best_step": 4,
  "best_val_mse": 0.031772968359291553,
  "last_train_loss": 0.019831018522381783,
  "updates_used": 4,
  "max_updates": 4,
  "val_history": [
    {
      "step": 2.0,
      "val_mse": 0.03760481905192137
    },
    {
      "step": 4.0,
      "val_mse": 0.031772968359291553
    }
  ]
}
