{
  "status": "ok",
  "best_step": 8,
  "best_val_mse": 128.506103515625,
  "last_train_loss": 141.66885375976562,
  "updates_used": 8,
  "max_updates": 8,
  "val_history": [
    {
      "step": 8.0,
      "val_mse": 128.506103515625
    }
  ]
}
