{
  "status": "ok",
  "best_step": 4,
  "best_val_mse": 0.030576101504266262,
  "last_train_loss": 0.13138936460018158,
  "updates_used": 4,
  "max_updates": 4,
  "val_history": [
    {
      "step": 2.0,
      "val_mse": 0.03459052462130785
    },
    {
      "step": 4.0,
      "val_mse": 0.030576101504266262
    }
  ]
}
