batch_idx,batch_size,ms_predict_whole_seq
0,32,159.82100000110222
1,32,168.92215099869645
2,32,174.31258799842908
3,32,161.5989259989874
4,32,176.0839880007552
5,32,163.24222800176358
6,32,162.31630200127256
7,32,164.98777500237338
8,32,187.83824699858087
9,32,180.10773999776575
10,32,183.25562800237094
11,32,221.2994420005998
12,32,176.5218280015688
13,32,175.00186499819392
14,32,160.29653399891686
15,20,157.53178000159096
