{
  "status": "ok",
  "best_step": 20,
  "best_val_mse": 0.344048410654068,
  "last_train_loss": 0.47149425745010376,
  "updates_used": 20,
  "max_updates": 20,
  "val_history": [
    {
      "step": 10.0,
      "val_mse": 0.6772459149360657
    },
    {
      "step": 20.0,
      "val_mse": 0.344048410654068
    }
  ]
}
