{
  "status": "ok",
  "best_step": 20,
  "best_val_mse": 3.901545763015747,
  "last_train_loss": 9.853473663330078,
  "updates_used": 20,
  "max_updates": 20,
  "val_history": [
    {
      "step": 10.0,
      "val_mse": 7.148214340209961
    },
    {
      "step": 20.0,
      "val_mse": 3.901545763015747
    }
  ]
}
