{
  "status": "ok",
  "best_step": 8,
  "best_val_mse": 0.5141390413045883,
  "last_train_loss": 0.8236295580863953,
  "updates_used": 8,
  "max_updates": 8,
  "val_history": [
    {
      "step": 8.0,
      "val_mse": 0.5141390413045883
    }
  ]
}
