{
  "status": "ok",
  "best_step": 8,
  "best_val_mse": 1.5574591755867004,
  "last_train_loss": 1.551170825958252,
  "updates_used": 8,
  "max_updates": 8,
  "val_history": [
    {
      "step": 8.0,
      "val_mse": 1.5574591755867004
    }
  ]
}
