{
  "status": "ok",
  "best_step": 8,
  "best_val_mse": 91.12533950805664,
  "last_train_loss": 87.76980590820312,
  "updates_used": 8,
  "max_updates": 8,
  "val_history": [
    {
      "step": 8.0,
      "val_mse": 91.12533950805664
    }
  ]
}
