{
  "status": "ok",
  "best_step": 20,
  "best_val_mse": 4.199798107147217,
  "last_train_loss": 5.343234062194824,
  "updates_used": 20,
  "max_updates": 20,
  "val_history": [
    {
      "step": 10.0,
      "val_mse": 6.418057441711426
    },
    {
      "step": 20.0,
      "val_mse": 4.199798107147217
    }
  ]
}
