{
  "status": "ok",
  "best_step": 8,
  "best_val_mse": 0.16750508546829224,
  "last_train_loss": 0.28900372982025146,
  "updates_used": 8,
  "max_updates": 8,
  "val_history": [
    {
      "step": 8.0,
      "val_mse": 0.16750508546829224
    }
  ]
}
