{
  "status": "ok",
  "best_step": 8,
  "best_val_mse": 0.4862946569919586,
  "last_train_loss": 0.6442211270332336,
  "updates_used": 8,
  "max_updates": 8,
  "val_history": [
    {
      "step": 8.0,
      "val_mse": 0.4862946569919586
    }
  ]
}
