{
  "status": "ok",
  "best_step": 8,
  "best_val_mse": 157.20508575439453,
  "last_train_loss": 175.88461303710938,
  "updates_used": 8,
  "max_updates": 8,
  "val_history": [
    {
      "step": 8.0,
      "val_mse": 157.20508575439453
    }
  ]
}
