{
  "status": "ok",
  "best_step": 20,
  "best_val_mse": 1.2413991689682007,
  "last_train_loss": 1.8820894956588745,
  "updates_used": 20,
  "max_updates": 20,
  "val_history": [
    {
      "step": 10.0,
      "val_mse": 2.5579142570495605
    },
    {
      "step": 20.0,
      "val_mse": 1.2413991689682007
    }
  ]
}
