{
  "status": "ok",
  "best_step": 20,
  "best_val_mse": 2.077061176300049,
  "last_train_loss": 1.3329287767410278,
  "updates_used": 20,
  "max_updates": 20,
  "val_history": [
    {
      "step": 10.0,
      "val_mse": 4.296932220458984
    },
    {
      "step": 20.0,
      "val_mse": 2.077061176300049
    }
  ]
}
