{
  "status": "ok",
  "best_step": 20,
  "best_val_mse": 1.481907844543457,
  "last_train_loss": 1.3493804931640625,
  "updates_used": 20,
  "max_updates": 20,
  "val_history": [
    {
      "step": 10.0,
      "val_mse": 3.0694305896759033
    },
    {
      "step": 20.0,
      "val_mse": 1.481907844543457
    }
  ]
}
