{
  "status": "ok",
  "best_step": 8,
  "best_val_mse": 7.543788229470062e+22,
  "last_train_loss": 1.6636985899639638e+29,
  "updates_used": 8,
  "max_updates": 8,
  "val_history": [
    {
      "step": 8.0,
      "val_mse": 7.543788229470062e+22
    }
  ]
}
