{
  "status": "ok",
  "best_step": 8,
  "best_val_mse": 0.5285997837781906,
  "last_train_loss": 0.7447912096977234,
  "updates_used": 8,
  "max_updates": 8,
  "val_history": [
    {
      "step": 8.0,
      "val_mse": 0.5285997837781906
    }
  ]
}
