{
  "status": "ok",
  "best_step": 8,
  "best_val_mse": 85.2874755859375,
  "last_train_loss": 90.44632720947266,
  "updates_used": 8,
  "max_updates": 8,
  "val_history": [
    {
      "step": 8.0,
      "val_mse": 85.2874755859375
    }
  ]
}
