{
  "status": "ok",
  "best_step": 20,
  "best_val_mse": 1.1930500268936157,
  "last_train_loss": 1.8871831893920898,
  "updates_used": 20,
  "max_updates": 20,
  "val_history": [
    {
      "step": 10.0,
      "val_mse": 2.4464197158813477
    },
    {
      "step": 20.0,
      "val_mse": 1.1930500268936157
    }
  ]
}
