{
  "status": "ok",
  "best_step": 8,
  "best_val_mse": 3.329465627670288,
  "last_train_loss": 4.6183271408081055,
  "updates_used": 8,
  "max_updates": 8,
  "val_history": [
    {
      "step": 8.0,
      "val_mse": 3.329465627670288
    }
  ]
}
