{
  "status": "ok",
  "best_step": 20,
  "best_val_mse": 0.7269200086593628,
  "last_train_loss": 0.6371143460273743,
  "updates_used": 20,
  "max_updates": 20,
  "val_history": [
    {
      "step": 10.0,
      "val_mse": 1.6576874256134033
    },
    {
      "step": 20.0,
      "val_mse": 0.7269200086593628
    }
  ]
}
