{
  "status": "ok",
  "best_step": 20,
  "best_val_mse": 8.562295913696289,
  "last_train_loss": 7.76624059677124,
  "updates_used": 20,
  "max_updates": 20,
  "val_history": [
    {
      "step": 10.0,
      "val_mse": 13.532867431640625
    },
    {
      "step": 20.0,
      "val_mse": 8.562295913696289
    }
  ]
}
